Structure,DataSize,InsertTime(ms),SearchTime(ms),DeleteTime(ms),TotalTime(ms),MemoryUsed(bytes),MemoryPerElement(bytes)
BST,10000,11.4208,4.38159,4.05633,19.8587,297744,29.7744,88.0524
Graph,10000,51.3639,6.62647,4062.11,4120.1,396740,39.674,78.2427
HashMap,10000,3.88945,0.387087,0.37662,4.65315,453840,45.384,87.3822
Heap,10000,2.57799,206.135,251.059,459.771,49632,4.9632,84.4307
